energy,pitch_std,pause_ratio,jitter,mfcc,file
0.010082407854497433,169.74952697753906,0.9028589051657672,0.01803777406293635,"[-420.8195495605469, 72.46096801757812, 16.55335807800293, 20.60474967956543, 7.017234802246094, 8.182559967041016, -0.04596871882677078, 9.265275001525879, 0.7324381470680237, 3.7482683658599854, -2.621431827545166, 0.628852367401123, -1.9458400011062622]",300_AUDIO.wav
